{
  "timestamp": "2026-07-04T16:10:56.777750+00:00",
  "n_destinations": 219,
  "n_clusters": 5,
  "noise_ratio": 0.0410958904109589,
  "noise_count": 9,
  "hard_cluster_sizes": {
    "0": 36,
    "1": 98,
    "2": 48,
    "3": 10,
    "4": 18
  },
  "soft_cluster_sizes": {
    "0": 44,
    "1": 103,
    "2": 50,
    "3": 23,
    "4": 28
  },
  "silhouette_umap_space": 0.5266993045806885,
  "dbcv": 0.4387118927321382,
  "membership_threshold": 0.15
}