{
  "seeds": [
    42,
    43,
    44,
    45,
    46
  ],
  "n_runs": 5,
  "cluster_counts_per_run": [
    5,
    6,
    4,
    5,
    4
  ],
  "pairwise_ari": [
    0.7657254054555801,
    0.9398014205864388,
    0.9737823635022426,
    0.9366028765275481,
    0.729500193094594,
    0.7772925957207206,
    0.7374544804778688,
    0.9499701475331997,
    0.9670634166835739,
    0.9610888567194087
  ],
  "mean_ari": 0.8738281756301175,
  "min_ari": 0.729500193094594,
  "flagged_unstable": false,
  "instability_threshold": 0.7
}